Workbook

Sheet Журнал оценок
A1: 📚 ЖУРНАЛ УСПЕВАЕМОСТИ — ГРУППА ИТ-21
A2: № | B2: ФИО студента | C2: Математика | D2: Физика | E2: Программирование | F2: Базы данных | G2: Английский | H2: Философия | I2: Средний балл | J2: Статус | K2: Рейтинг | L2: Стипендия
A3: 1 | B3: Александров Дмитрий Сергеевич | C3: 3 | D3: 4 | E3: 4 | F3: 4 | G3: 4 | H3: 5 | I3: =ROUND(AVERAGE(C3:H3),2) -> 4 | J3: =IF(I3>=4.5,"Отличник",IF(I3>=3.5,"Хорошист",IF(I3>=3,"Удовл.","Неуспев."))) -> Хорошист | K3: =RANK(I3,$I$3:$I$22,0) -> 10 | L3: =IF(I3>=4.5,5000,IF(I3>=4,3500,IF(I3>=3,2000,0))) -> 3500
A4: 2 | B4: Белова Анна Викторовна | C4: 5 | D4: 5 | E4: 4 | F4: 4 | G4: 4 | H4: 5 | I4: =ROUND(AVERAGE(C4:H4),2) -> 4.5 | J4: =IF(I4>=4.5,"Отличник",IF(I4>=3.5,"Хорошист",IF(I4>=3,"Удовл.","Неуспев."))) -> Отличник | K4: =RANK(I4,$I$3:$I$22,0) -> 2 | L4: =IF(I4>=4.5,5000,IF(I4>=4,3500,IF(I4>=3,2000,0))) -> 5000
A5: 3 | B5: Васильев Игорь Петрович | C5: 5 | D5: 5 | E5: 5 | F5: 3 | G5: 5 | H5: 5 | I5: =ROUND(AVERAGE(C5:H5),2) -> 4.67 | J5: =IF(I5>=4.5,"Отличник",IF(I5>=3.5,"Хорошист",IF(I5>=3,"Удовл.","Неуспев."))) -> Отличник | K5: =RANK(I5,$I$3:$I$22,0) -> 1 | L5: =IF(I5>=4.5,5000,IF(I5>=4,3500,IF(I5>=3,2000,0))) -> 5000
A6: 4 | B6: Григорьева Мария Александровна | C6: 2 | D6: 4 | E6: 4 | F6: 4 | G6: 3 | H6: 5 | I6: =ROUND(AVERAGE(C6:H6),2) -> 3.67 | J6: =IF(I6>=4.5,"Отличник",IF(I6>=3.5,"Хорошист",IF(I6>=3,"Удовл.","Неуспев."))) -> Хорошист | K6: =RANK(I6,$I$3:$I$22,0) -> 17 | L6: =IF(I6>=4.5,5000,IF(I6>=4,3500,IF(I6>=3,2000,0))) -> 2000
A7: 5 | B7: Дмитриев Артём Николаевич | C7: 3 | D7: 4 | E7: 5 | F7: 5 | G7: 4 | H7: 2 | I7: =ROUND(AVERAGE(C7:H7),2) -> 3.83 | J7: =IF(I7>=4.5,"Отличник",IF(I7>=3.5,"Хорошист",IF(I7>=3,"Удовл.","Неуспев."))) -> Хорошист | K7: =RANK(I7,$I$3:$I$22,0) -> 15 | L7: =IF(I7>=4.5,5000,IF(I7>=4,3500,IF(I7>=3,2000,0))) -> 2000
A8: 6 | B8: Егорова Екатерина Дмитриевна | C8: 4 | D8: 4 | E8: 3 | F8: 4 | G8: 4 | H8: 5 | I8: =ROUND(AVERAGE(C8:H8),2) -> 4 | J8: =IF(I8>=4.5,"Отличник",IF(I8>=3.5,"Хорошист",IF(I8>=3,"Удовл.","Неуспев."))) -> Хорошист | K8: =RANK(I8,$I$3:$I$22,0) -> 10 | L8: =IF(I8>=4.5,5000,IF(I8>=4,3500,IF(I8>=3,2000,0))) -> 3500
A9: 7 | B9: Жуков Максим Андреевич | C9: 4 | D9: 4 | E9: 3 | F9: 4 | G9: 3 | H9: 4 | I9: =ROUND(AVERAGE(C9:H9),2) -> 3.67 | J9: =IF(I9>=4.5,"Отличник",IF(I9>=3.5,"Хорошист",IF(I9>=3,"Удовл.","Неуспев."))) -> Хорошист | K9: =RANK(I9,$I$3:$I$22,0) -> 17 | L9: =IF(I9>=4.5,5000,IF(I9>=4,3500,IF(I9>=3,2000,0))) -> 2000
A10: 8 | B10: Зайцева Ольга Игоревна | C10: 3 | D10: 3 | E10: 5 | F10: 5 | G10: 4 | H10: 5 | I10: =ROUND(AVERAGE(C10:H10),2) -> 4.17 | J10: =IF(I10>=4.5,"Отличник",IF(I10>=3.5,"Хорошист",IF(I10>=3,"Удовл.","Неуспев."))) -> Хорошист | K10: =RANK(I10,$I$3:$I$22,0) -> 6 | L10: =IF(I10>=4.5,5000,IF(I10>=4,3500,IF(I10>=3,2000,0))) -> 3500
A11: 9 | B11: Иванов Кирилл Владимирович | C11: 5 | D11: 4 | E11: 5 | F11: 5 | G11: 3 | H11: 5 | I11: =ROUND(AVERAGE(C11:H11),2) -> 4.5 | J11: =IF(I11>=4.5,"Отличник",IF(I11>=3.5,"Хорошист",IF(I11>=3,"Удовл.","Неуспев."))) -> Отличник | K11: =RANK(I11,$I$3:$I$22,0) -> 2 | L11: =IF(I11>=4.5,5000,IF(I11>=4,3500,IF(I11>=3,2000,0))) -> 5000
A12: 10 | B12: Козлова Дарья Сергеевна | C12: 2 | D12: 5 | E12: 4 | F12: 4 | G12: 4 | H12: 2 | I12: =ROUND(AVERAGE(C12:H12),2) -> 3.5 | J12: =IF(I12>=4.5,"Отличник",IF(I12>=3.5,"Хорошист",IF(I12>=3,"Удовл.","Неуспев."))) -> Хорошист | K12: =RANK(I12,$I$3:$I$22,0) -> 19 | L12: =IF(I12>=4.5,5000,IF(I12>=4,3500,IF(I12>=3,2000,0))) -> 2000
A13: 11 | B13: Лебедев Антон Михайлович | C13: 5 | D13: 5 | E13: 4 | F13: 4 | G13: 5 | H13: 4 | I13: =ROUND(AVERAGE(C13:H13),2) -> 4.5 | J13: =IF(I13>=4.5,"Отличник",IF(I13>=3.5,"Хорошист",IF(I13>=3,"Удовл.","Неуспев."))) -> Отличник | K13: =RANK(I13,$I$3:$I$22,0) -> 2 | L13: =IF(I13>=4.5,5000,IF(I13>=4,3500,IF(I13>=3,2000,0))) -> 5000
A14: 12 | B14: Морозова Виктория Олеговна | C14: 4 | D14: 4 | E14: 4 | F14: 5 | G14: 4 | H14: 4 | I14: =ROUND(AVERAGE(C14:H14),2) -> 4.17 | J14: =IF(I14>=4.5,"Отличник",IF(I14>=3.5,"Хорошист",IF(I14>=3,"Удовл.","Неуспев."))) -> Хорошист | K14: =RANK(I14,$I$3:$I$22,0) -> 6 | L14: =IF(I14>=4.5,5000,IF(I14>=4,3500,IF(I14>=3,2000,0))) -> 3500
... A22: 20 | B22: Харитонова Елизавета Романовна | C22: 2 | D22: 5 | E22: 3 | F22: 3 | G22: 4 | H22: 4 | I22: =ROUND(AVERAGE(C22:H22),2) -> 3.5 | J22: =IF(I22>=4.5,"Отличник",IF(I22>=3.5,"Хорошист",IF(I22>=3,"Удовл.","Неуспев."))) -> Хорошист | K22: =RANK(I22,$I$3:$I$22,0) -> 19 | L22: =IF(I22>=4.5,5000,IF(I22>=4,3500,IF(I22>=3,2000,0))) -> 2000
B24: ИТОГО / СРЕДНЕЕ: | C24: =ROUND(AVERAGE(C3:C22),2) -> 3.8 | D24: =ROUND(AVERAGE(D3:D22),2) -> 4.3 | E24: =ROUND(AVERAGE(E3:E22),2) -> 4.15 | F24: =ROUND(AVERAGE(F3:F22),2) -> 3.85 | G24: =ROUND(AVERAGE(G3:G22),2) -> 4.05 | H24: =ROUND(AVERAGE(H3:H22),2) -> 4.2 | I24: =ROUND(AVERAGE(I3:I22),2) -> 4.06 | L24: =SUM(L3:L22) -> 67000

Sheet Статистика
A1: 📊 СТАТИСТИКА УСПЕВАЕМОСТИ
A3: Распределение оценок по предметам
A4: Предмет | B4: Оценка 5 | C4: Оценка 4 | D4: Оценка 3 | E4: Оценка 2 | F4: Средняя
A5: Математика | B5: =COUNTIF('Журнал оценок'!C3:C22,5) -> 6 | C5: =COUNTIF('Журнал оценок'!C3:C22,4) -> 7 | D5: =COUNTIF('Журнал оценок'!C3:C22,3) -> 4 | E5: =COUNTIF('Журнал оценок'!C3:C22,2) -> 3 | F5: =ROUND(AVERAGE('Журнал оценок'!C3:C22),2) -> 3.8
A6: Физика | B6: =COUNTIF('Журнал оценок'!D3:D22,5) -> 8 | C6: =COUNTIF('Журнал оценок'!D3:D22,4) -> 10 | D6: =COUNTIF('Журнал оценок'!D3:D22,3) -> 2 | E6: =COUNTIF('Журнал оценок'!D3:D22,2) -> 0 | F6: =ROUND(AVERAGE('Журнал оценок'!D3:D22),2) -> 4.3
A7: Программирование | B7: =COUNTIF('Журнал оценок'!E3:E22,5) -> 6 | C7: =COUNTIF('Журнал оценок'!E3:E22,4) -> 11 | D7: =COUNTIF('Журнал оценок'!E3:E22,3) -> 3 | E7: =COUNTIF('Журнал оценок'!E3:E22,2) -> 0 | F7: =ROUND(AVERAGE('Журнал оценок'!E3:E22),2) -> 4.15
A8: Базы данных | B8: =COUNTIF('Журнал оценок'!F3:F22,5) -> 5 | C8: =COUNTIF('Журнал оценок'!F3:F22,4) -> 8 | D8: =COUNTIF('Журнал оценок'!F3:F22,3) -> 6 | E8: =COUNTIF('Журнал оценок'!F3:F22,2) -> 1 | F8: =ROUND(AVERAGE('Журнал оценок'!F3:F22),2) -> 3.85
A9: Английский | B9: =COUNTIF('Журнал оценок'!G3:G22,5) -> 5 | C9: =COUNTIF('Журнал оценок'!G3:G22,4) -> 11 | D9: =COUNTIF('Журнал оценок'!G3:G22,3) -> 4 | E9: =COUNTIF('Журнал оценок'!G3:G22,2) -> 0 | F9: =ROUND(AVERAGE('Журнал оценок'!G3:G22),2) -> 4.05
A10: Философия | B10: =COUNTIF('Журнал оценок'!H3:H22,5) -> 9 | C10: =COUNTIF('Журнал оценок'!H3:H22,4) -> 8 | D10: =COUNTIF('Журнал оценок'!H3:H22,3) -> 1 | E10: =COUNTIF('Журнал оценок'!H3:H22,2) -> 2 | F10: =ROUND(AVERAGE('Журнал оценок'!H3:H22),2) -> 4.2
A13: Общая статистика группы
A14: Всего студентов: | B14: =COUNTA('Журнал оценок'!B3:B22) -> 20
A15: Отличников: | B15: =COUNTIF('Журнал оценок'!J3:J22,"Отличник") -> 4
A16: Хорошистов: | B16: =COUNTIF('Журнал оценок'!J3:J22,"Хорошист") -> 16
A17: Удовлетворительно: | B17: =COUNTIF('Журнал оценок'!J3:J22,"Удовл.") -> 0
A18: Неуспевающих: | B18: =COUNTIF('Журнал оценок'!J3:J22,"Неуспев.") -> 0
A19: Средний балл группы: | B19: =ROUND(AVERAGE('Журнал оценок'!I3:I22),2) -> 4.06
A20: Максимальный балл: | B20: =MAX('Журнал оценок'!I3:I22) -> 4.67
A21: Минимальный балл: | B21: =MIN('Журнал оценок'!I3:I22) -> 3.5
A22: Общий фонд стипендий: | B22: =SUM('Журнал оценок'!L3:L22) -> 67000

Sheet Рейтинг
A1: 🏆 РЕЙТИНГ СТУДЕНТОВ
A2: Место | B2: ФИО студента | C2: Средний балл | D2: Статус | E2: Стипендия
A3: 1 | B3: =INDEX('Журнал оценок'!B3:B22,MATCH(LARGE('Журнал оценок'!I3:I22,1),'Журнал оценок'!I3:I22,0)) -> Васильев Игорь Петрович | C3: =LARGE('Журнал оценок'!I3:I22,1) -> 4.67 | D3: =IF(C3>=4.5,"Отличник",IF(C3>=3.5,"Хорошист","Удовл.")) -> Отличник | E3: =IF(C3>=4.5,5000,IF(C3>=4,3500,IF(C3>=3,2000,0))) -> 5000
A4: 2 | B4: =INDEX('Журнал оценок'!B3:B22,MATCH(LARGE('Журнал оценок'!I3:I22,2),'Журнал оценок'!I3:I22,0)) -> Белова Анна Викторовна | C4: =LARGE('Журнал оценок'!I3:I22,2) -> 4.5 | D4: =IF(C4>=4.5,"Отличник",IF(C4>=3.5,"Хорошист","Удовл.")) -> Отличник | E4: =IF(C4>=4.5,5000,IF(C4>=4,3500,IF(C4>=3,2000,0))) -> 5000
A5: 3 | B5: =INDEX('Журнал оценок'!B3:B22,MATCH(LARGE('Журнал оценок'!I3:I22,3),'Журнал оценок'!I3:I22,0)) -> Белова Анна Викторовна | C5: =LARGE('Журнал оценок'!I3:I22,3) -> 4.5 | D5: =IF(C5>=4.5,"Отличник",IF(C5>=3.5,"Хорошист","Удовл.")) -> Отличник | E5: =IF(C5>=4.5,5000,IF(C5>=4,3500,IF(C5>=3,2000,0))) -> 5000
A6: 4 | B6: =INDEX('Журнал оценок'!B3:B22,MATCH(LARGE('Журнал оценок'!I3:I22,4),'Журнал оценок'!I3:I22,0)) -> Белова Анна Викторовна | C6: =LARGE('Журнал оценок'!I3:I22,4) -> 4.5 | D6: =IF(C6>=4.5,"Отличник",IF(C6>=3.5,"Хорошист","Удовл.")) -> Отличник | E6: =IF(C6>=4.5,5000,IF(C6>=4,3500,IF(C6>=3,2000,0))) -> 5000
A7: 5 | B7: =INDEX('Журнал оценок'!B3:B22,MATCH(LARGE('Журнал оценок'!I3:I22,5),'Журнал оценок'!I3:I22,0)) -> Орлова Алиса Евгеньевна | C7: =LARGE('Журнал оценок'!I3:I22,5) -> 4.33 | D7: =IF(C7>=4.5,"Отличник",IF(C7>=3.5,"Хорошист","Удовл.")) -> Хорошист | E7: =IF(C7>=4.5,5000,IF(C7>=4,3500,IF(C7>=3,2000,0))) -> 3500
A10: ⚠️ Требуют внимания
A11: Место | B11: ФИО студента | C11: Средний балл
A12: 20 | B12: =INDEX('Журнал оценок'!B3:B22,MATCH(SMALL('Журнал оценок'!I3:I22,1),'Журнал оценок'!I3:I22,0)) -> Козлова Дарья Сергеевна | C12: =SMALL('Журнал оценок'!I3:I22,1) -> 3.5
A13: 19 | B13: =INDEX('Журнал оценок'!B3:B22,MATCH(SMALL('Журнал оценок'!I3:I22,2),'Журнал оценок'!I3:I22,0)) -> Козлова Дарья Сергеевна | C13: =SMALL('Журнал оценок'!I3:I22,2) -> 3.5
A14: 18 | B14: =INDEX('Журнал оценок'!B3:B22,MATCH(SMALL('Журнал оценок'!I3:I22,3),'Журнал оценок'!I3:I22,0)) -> Григорьева Мария Александровна | C14: =SMALL('Журнал оценок'!I3:I22,3) -> 3.67

Sheet Посещаемость
A1: 📅 ПОСЕЩАЕМОСТЬ ЗА СЕМЕСТР
A2: № | B2: ФИО студента | C2: Сентябрь | D2: Октябрь | E2: Ноябрь | F2: Декабрь | G2: Всего часов | H2: Пропущено | I2: % посещ. | J2: Допуск
A3: 1 | B3: Александров Дмитрий Сергеевич | C3: 29 | D3: 36 | E3: 35 | F3: 35 | G3: =SUM(C3:F3) -> 135 | H3: =144-G3 -> 9 | I3: =G3/144 -> 0.9375 | J3: =IF(I3>=0.75,"Допущен","Не допущен") -> Допущен
A4: 2 | B4: Белова Анна Викторовна | C4: 30 | D4: 33 | E4: 29 | F4: 31 | G4: =SUM(C4:F4) -> 123 | H4: =144-G4 -> 21 | I4: =G4/144 -> 0.85416667 | J4: =IF(I4>=0.75,"Допущен","Не допущен") -> Допущен
A5: 3 | B5: Васильев Игорь Петрович | C5: 30 | D5: 32 | E5: 28 | F5: 32 | G5: =SUM(C5:F5) -> 122 | H5: =144-G5 -> 22 | I5: =G5/144 -> 0.84722222 | J5: =IF(I5>=0.75,"Допущен","Не допущен") -> Допущен
A6: 4 | B6: Григорьева Мария Александровна | C6: 34 | D6: 31 | E6: 34 | F6: 29 | G6: =SUM(C6:F6) -> 128 | H6: =144-G6 -> 16 | I6: =G6/144 -> 0.88888889 | J6: =IF(I6>=0.75,"Допущен","Не допущен") -> Допущен
A7: 5 | B7: Дмитриев Артём Николаевич | C7: 32 | D7: 28 | E7: 31 | F7: 36 | G7: =SUM(C7:F7) -> 127 | H7: =144-G7 -> 17 | I7: =G7/144 -> 0.88194444 | J7: =IF(I7>=0.75,"Допущен","Не допущен") -> Допущен
A8: 6 | B8: Егорова Екатерина Дмитриевна | C8: 31 | D8: 30 | E8: 33 | F8: 30 | G8: =SUM(C8:F8) -> 124 | H8: =144-G8 -> 20 | I8: =G8/144 -> 0.86111111 | J8: =IF(I8>=0.75,"Допущен","Не допущен") -> Допущен
A9: 7 | B9: Жуков Максим Андреевич | C9: 29 | D9: 36 | E9: 35 | F9: 33 | G9: =SUM(C9:F9) -> 133 | H9: =144-G9 -> 11 | I9: =G9/144 -> 0.92361111 | J9: =IF(I9>=0.75,"Допущен","Не допущен") -> Допущен
A10: 8 | B10: Зайцева Ольга Игоревна | C10: 30 | D10: 35 | E10: 35 | F10: 28 | G10: =SUM(C10:F10) -> 128 | H10: =144-G10 -> 16 | I10: =G10/144 -> 0.88888889 | J10: =IF(I10>=0.75,"Допущен","Не допущен") -> Допущен
A11: 9 | B11: Иванов Кирилл Владимирович | C11: 28 | D11: 31 | E11: 29 | F11: 31 | G11: =SUM(C11:F11) -> 119 | H11: =144-G11 -> 25 | I11: =G11/144 -> 0.82638889 | J11: =IF(I11>=0.75,"Допущен","Не допущен") -> Допущен
A12: 10 | B12: Козлова Дарья Сергеевна | C12: 34 | D12: 32 | E12: 36 | F12: 33 | G12: =SUM(C12:F12) -> 135 | H12: =144-G12 -> 9 | I12: =G12/144 -> 0.9375 | J12: =IF(I12>=0.75,"Допущен","Не допущен") -> Допущен
A13: 11 | B13: Лебедев Антон Михайлович | C13: 28 | D13: 30 | E13: 35 | F13: 29 | G13: =SUM(C13:F13) -> 122 | H13: =144-G13 -> 22 | I13: =G13/144 -> 0.84722222 | J13: =IF(I13>=0.75,"Допущен","Не допущен") -> Допущен
A14: 12 | B14: Морозова Виктория Олеговна | C14: 34 | D14: 36 | E14: 30 | F14: 31 | G14: =SUM(C14:F14) -> 131 | H14: =144-G14 -> 13 | I14: =G14/144 -> 0.90972222 | J14: =IF(I14>=0.75,"Допущен","Не допущен") -> Допущен
... A22: 20 | B22: Харитонова Елизавета Романовна | C22: 28 | D22: 35 | E22: 29 | F22: 29 | G22: =SUM(C22:F22) -> 121 | H22: =144-G22 -> 23 | I22: =G22/144 -> 0.84027778 | J22: =IF(I22>=0.75,"Допущен","Не допущен") -> Допущен
